Employee Id,,Name ,,Department
1PI13TMC001,,Adie,,Purchasing
1PI13TMC002,,Angie ,,Marketing
1PI13TMC003,,Ashton ,,Accounting & Finance
1PI13TMC004,,Aubrey,,Production & Manufacturing
1PI13TMC005,,Avery ,,R&D
1PI13TMC006,,Barnes ,,Purchasing
1PI13TMC007,,Barry ,,Production & Manufacturing
1PI13TMC008,,Basil ,,R&D
1PI13TMC009,,Bek ,,R&D
1PI13TMC010,,Benedict ,,Production & Manufacturing
1PI13TMC011,,Bernadine,,Accounting & Finance
1PI13TMC012,,Bethany ,,Accounting & Finance
1PI13TMC013,,Bette ,,Purchasing
1PI13TMC014,,Betty,,Marketing
1PI13TMC015,,Blanche ,,Marketing
1PI13TMC016,,Braden ,,Accounting & Finance
1PI13TMC017,,Bradley,,Purchasing
1PI13TMC018,,Bret,,Purchasing
1PI13TMC019,,Brett,,Accounting & Finance
1PI13TMC020,,Britney ,,Accounting & Finance
1PI13TMC021,,Burdine,,Production & Manufacturing
1PI13TMC022,,Caden ,,R&D
1PI13TMC023,,Cadence ,,Human Resources
1PI13TMC024,,Carlton ,,Human Resources
1PI13TMC025,,Carrington,,Purchasing
1PI13TMC026,,Charles,,R&D
1PI13TMC027,,Chay ,,Marketing
1PI13TMC028,,Chet,,Production & Manufacturing
1PI13TMC029,,Christopher,,Production & Manufacturing
1PI13TMC030,,Clinton,,Production & Manufacturing
1PI13TMC031,,Corina,,Production & Manufacturing
1PI13TMC032,,Cowden ,,Marketing
1PI13TMC033,,Cristalyn,,Marketing
1PI13TMC034,,Darby ,,Purchasing
1PI13TMC035,,Daris,,R&D
1PI13TMC036,,Darleen,,Human Resources
1PI13TMC037,,Darlene ,,Accounting & Finance
1PI13TMC038,,Darnell,,Marketing
1PI13TMC039,,Deb ,,Production & Manufacturing
1PI13TMC040,,Debbie,,Production & Manufacturing
1PI13TMC041,,Demi,,Accounting & Finance
1PI13TMC042,,Dennis,,Accounting & Finance
1PI13TMC043,,Destiny ,,Human Resources
1PI13TMC044,,Diamond ,,Purchasing
1PI13TMC045,,Doreen ,,R&D
1PI13TMC046,,Dorian ,,Production & Manufacturing
1PI13TMC047,,Dorothy ,,Production & Manufacturing
1PI13TMC048,,Earlene,,R&D
1PI13TMC049,,Edith,,Production & Manufacturing
1PI13TMC050,,Elaine ,,Production & Manufacturing
1PI13TMC051,,Elfriede,,Purchasing
1PI13TMC052,,Emory ,,Purchasing
1PI13TMC053,,Evan,,Purchasing
1PI13TMC054,,Frank ,,Purchasing
1PI13TMC055,,Gabriel ,,Purchasing
1PI13TMC056,,Georgiana,,Production & Manufacturing
1PI13TMC057,,Gladys ,,R&D
1PI13TMC058,,Greenbury,,Human Resources
1PI13TMC059,,Gregory ,,Human Resources
1PI13TMC060,,Greig ,,Purchasing
1PI13TMC061,,Hannah ,,R&D
1PI13TMC062,,Harley ,,Marketing
1PI13TMC063,,Harriet ,,Production & Manufacturing
1PI13TMC064,,Hastings ,,Production & Manufacturing
1PI13TMC065,,Hazel ,,Production & Manufacturing
1PI13TMC066,,Heather ,,Production & Manufacturing
1PI13TMC067,,Helton ,,Marketing
1PI13TMC068,,Henrietta ,,Marketing
1PI13TMC069,,Heston ,,Purchasing
1PI13TMC070,,Holly ,,R&D
1PI13TMC071,,Howard,,Human Resources
1PI13TMC072,,Hudson ,,Accounting & Finance
1PI13TMC073,,Hulda ,,Marketing
1PI13TMC074,,Humphrey,,Production & Manufacturing
1PI13TMC075,,India ,,Production & Manufacturing
1PI13TMC076,,Irene ,,Accounting & Finance
1PI13TMC077,,Iris ,,Accounting & Finance
1PI13TMC078,,Jackie ,,Human Resources
1PI13TMC079,,Jade ,,Purchasing
1PI13TMC080,,James ,,Production & Manufacturing
1PI13TMC081,,Jean ,,R&D
1PI13TMC082,,Jemma ,,R&D
1PI13TMC083,,Jenny ,,R&D
1PI13TMC084,,Jenson ,,R&D
1PI13TMC085,,Jerald ,,R&D
1PI13TMC086,,Jerrold,,Purchasing
1PI13TMC087,,Jerry ,,Purchasing
1PI13TMC088,,Jessie ,,Purchasing
1PI13TMC089,,Jethro,,Purchasing
1PI13TMC090,,Jigar ,,Purchasing
1PI13TMC091,,Jill,,Accounting & Finance
1PI13TMC092,,Joan ,,Production & Manufacturing
1PI13TMC093,,Jocelyn,,R&D
1PI13TMC094,,Jodie,,Purchasing
1PI13TMC095,,Joey ,,Production & Manufacturing
1PI13TMC096,,Julia,,R&D
1PI13TMC097,,Julie ,,R&D
1PI13TMC098,,Justine,,Production & Manufacturing
1PI13TMC099,,Kate ,,Accounting & Finance
1PI13TMC100,,Kathryn,,Accounting & Finance
1PI13TMC101,,Katie,,Purchasing
1PI13TMC102,,Keaton ,,Marketing
1PI13TMC103,,Kendall ,,Marketing
1PI13TMC104,,Kendra,,Accounting & Finance
1PI13TMC105,,Kerr ,,Purchasing
1PI13TMC106,,Kian ,,Purchasing
1PI13TMC107,,Kimball ,,Purchasing
1PI13TMC108,,Kitty ,,Purchasing
1PI13TMC109,,Kristy,,Accounting & Finance
1PI13TMC110,,Kylie ,,Production & Manufacturing
1PI13TMC111,,Kymber,,R&D
1PI13TMC112,,Lawrence ,,Purchasing
1PI13TMC113,,Lawson ,,Production & Manufacturing
1PI13TMC114,,Leanne,,R&D
1PI13TMC115,,Leonora ,,R&D
1PI13TMC116,,Lianne,,Production & Manufacturing
1PI13TMC117,,Lisa ,,Accounting & Finance
1PI13TMC118,,Liza,,Accounting & Finance
1PI13TMC119,,Lizzie,,Purchasing
1PI13TMC120,,Louise ,,Marketing
1PI13TMC121,,Luci,,Marketing
1PI13TMC122,,Lucius,,Accounting & Finance
1PI13TMC123,,Lucretia ,,Purchasing
1PI13TMC124,,Maddox ,,Purchasing
1PI13TMC125,,Madelaine,,Production & Manufacturing
1PI13TMC126,,Madeleine ,,Purchasing
1PI13TMC127,,Malford,,Purchasing
1PI13TMC128,,Marlene ,,Purchasing
1PI13TMC129,,Maud,,Purchasing
1PI13TMC130,,Melinda,,Purchasing
1PI13TMC131,,Melville ,,Production & Manufacturing
1PI13TMC132,,Mildred,,R&D
1PI13TMC133,,Miley ,,Human Resources
1PI13TMC134,,Millicent,,Human Resources
1PI13TMC135,,Mindi ,,Purchasing
1PI13TMC136,,Mindy,,R&D
1PI13TMC137,,Moira ,,Marketing
1PI13TMC138,,Molly ,,Production & Manufacturing
1PI13TMC139,,Mort ,,Production & Manufacturing
1PI13TMC140,,Mycroft,,Production & Manufacturing
1PI13TMC141,,Nancy ,,Production & Manufacturing
1PI13TMC142,,Naomi ,,Marketing
1PI13TMC143,,Nelson ,,Marketing
1PI13TMC144,,Nevaeh,,Purchasing
1PI13TMC145,,Nigel,,R&D
1PI13TMC146,,Osbert,,Human Resources
1PI13TMC147,,Ottilie,,Accounting & Finance
1PI13TMC148,,Ottiwell,,Marketing
1PI13TMC149,,Pamela ,,Production & Manufacturing
1PI13TMC150,,Paris ,,Production & Manufacturing
1PI13TMC151,,Pascoe,,Accounting & Finance
1PI13TMC152,,Patricia,,Accounting & Finance
1PI13TMC153,,Percy,,Human Resources
1PI13TMC154,,Philip,,Purchasing
1PI13TMC155,,Philippa,,Production & Manufacturing
1PI13TMC156,,Pippa ,,R&D
1PI13TMC157,,Poppy ,,R&D
1PI13TMC158,,Priscilla,,Marketing
1PI13TMC159,,Quentin,,Accounting & Finance
1PI13TMC160,,Quintus,,Production & Manufacturing
1PI13TMC161,,Rebecca ,,R&D
1PI13TMC162,,Reynold,,Purchasing
1PI13TMC163,,Rhoda ,,Production & Manufacturing
1PI13TMC164,,Riley ,,R&D
1PI13TMC165,,Rita ,,R&D
1PI13TMC166,,Roland ,,Production & Manufacturing
1PI13TMC167,,Rosaleen,,Accounting & Finance
1PI13TMC168,,Rosalie ,,Accounting & Finance
1PI13TMC169,,Rosie ,,Purchasing
1PI13TMC170,,Ruby ,,Marketing
1PI13TMC171,,Rupert ,,Marketing
1PI13TMC172,,Ruth ,,Accounting & Finance
1PI13TMC173,,Ryan ,,Purchasing
1PI13TMC174,,Sanford ,,Purchasing
1PI13TMC175,,Savannah ,,Accounting & Finance
1PI13TMC176,,Scarlett ,,Accounting & Finance
1PI13TMC177,,Schuyler ,,Production & Manufacturing
1PI13TMC178,,Scott ,,R&D
1PI13TMC179,,Sharon,,Human Resources
1PI13TMC180,,Sheridan ,,Human Resources
1PI13TMC181,,Shiloh ,,Purchasing
1PI13TMC182,,Sibyl ,,R&D
1PI13TMC183,,Sidney ,,Marketing
1PI13TMC184,,Simone ,,Production & Manufacturing
1PI13TMC185,,Stacy ,,Production & Manufacturing
1PI13TMC186,,Sylvia ,,Production & Manufacturing
1PI13TMC187,,Tabitha,,Production & Manufacturing
1PI13TMC188,,Tammy ,,Production & Manufacturing
1PI13TMC189,,Thaddeus,,Production & Manufacturing
1PI13TMC190,,Theodore ,,Accounting & Finance
1PI13TMC191,,Timothy ,,Accounting & Finance
1PI13TMC192,,Tracy ,,Accounting & Finance
1PI13TMC193,,Travis ,,Purchasing
1PI13TMC194,,Trent,,Purchasing
1PI13TMC195,,Tyler,,Purchasing
1PI13TMC196,,Velma,,Purchasing
1PI13TMC197,,Vicary,,Purchasing
1PI13TMC198,,Vince,,Human Resources
